state,avg_monthly_return
expansion,0.013267159478136952
recession,0.01191213778919652
recovery,0.018380352163903955
slowdown,0.0003317863159376655
